{
  "pr_auc": 0.6347822617789789,
  "roc_auc": 0.8428634167764604,
  "f1": 0.5985915492957746,
  "precision": 0.4461942257217848,
  "recall": 0.9090909090909091,
  "accuracy": 0.6763662171753017,
  "expected_cost_at_threshold": 15240.0,
  "best_threshold_by_cost": 0.25000000000000006,
  "best_expected_cost": 13780.0,
  "best_threshold_metrics": {
    "pr_auc": 0.6347822617789789,
    "roc_auc": 0.8428634167764604,
    "f1": 0.5712,
    "precision": 0.4075342465753425,
    "recall": 0.9545454545454546,
    "accuracy": 0.6195883605393896
  }
}